[
  { "date": "01-01", "name": "New Year's Day", "countries": ["georgia"] },
  { "date": "01-02", "name": "Bedoba (Good Fortune Day)", "countries": ["georgia"] },
  { "date": "01-07", "name": "Orthodox Christmas", "countries": ["georgia"] },
  { "date": "01-14", "name": "Old New Year", "countries": ["georgia"] },
  { "date": "01-19", "name": "Epiphany", "countries": ["georgia"] },
  { "date": "01-27", "name": "International Holocaust Remembrance Day", "countries": ["georgia"] },
  { "date": "01-29", "name": "Georgian Army Day", "countries": ["georgia"] },

  { "date": "02-14", "name": "Valentine's Day", "countries": ["georgia"] },
  { "date": "02-21", "name": "International Mother Language Day", "countries": ["georgia"] },
  { "date": "02-25", "name": "Soviet Occupation Day", "countries": ["georgia"] },

  { "date": "03-03", "name": "Mother's Day (Georgia)", "countries": ["georgia"] },
  { "date": "03-08", "name": "International Women's Day", "countries": ["georgia"] },
  { "date": "03-14", "name": "Georgian Language Day", "countries": ["georgia"] },
  { "date": "03-18", "name": "Postal Service Workers Day", "countries": ["georgia"] },
  { "date": "03-21", "name": "International Day of Forests", "countries": ["georgia"] },

  { "date": "04-07", "name": "Annunciation of the Virgin Mary", "countries": ["georgia"] },
  { "date": "04-09", "name": "Day of National Unity", "countries": ["georgia"] },
  { "date": "04-12", "name": "Cosmonautics Day", "countries": ["georgia"] },
  { "date": "04-17", "name": "Police Day", "countries": ["georgia"] },
  { "date": "04-22", "name": "Earth Day", "countries": ["georgia"] },
  { "date": "04-23", "name": "World Book Day", "countries": ["georgia"] },
  { "date": "04-28", "name": "Public Service Day", "countries": ["georgia"] },

  { "date": "05-06", "name": "St. George's Day (Giorgoba)", "countries": ["georgia"] },
  { "date": "05-09", "name": "Victory Day", "countries": ["georgia"] },
  { "date": "05-12", "name": "St. Andrew the First-Called Day", "countries": ["georgia"] },
  { "date": "05-17", "name": "Family Day in Georgia", "countries": ["georgia"] },
  { "date": "05-23", "name": "Kutaisi City Day (Kutaisoba)", "countries": ["georgia"] },
  { "date": "05-26", "name": "Zugdidi City Day", "countries": ["georgia"] },
  { "date": "05-26", "name": "Independence Day of Georgia", "countries": ["georgia"] },
  { "date": "05-31", "name": "Engineers Day", "countries": ["georgia"] },


  { "date": "06-01", "name": "Children’s Day", "countries": ["georgia"] },
  { "date": "06-05", "name": "World Environment Day", "countries": ["georgia"] },
  { "date": "06-14", "name": "Smokefree Day", "countries": ["georgia"] },
  { "date": "06-23", "name": "Civil Service Day", "countries": ["georgia"] },

  { "date": "07-12", "name": "Rustavi City Day", "countries": ["georgia"] },
  { "date": "07-16", "name": "Cultural Heritage Protection Day", "countries": ["georgia"] },
  { "date": "07-17", "name": "Gori City Day", "countries": ["georgia"] },
  { "date": "07-23", "name": "Day of Georgian Statehood (Didgori Day)", "countries": ["georgia"] },
  { "date": "07-31", "name": "Tourism Workers Day", "countries": ["georgia"] },

  { "date": "08-03", "name": "Georgian Diaspora Day", "countries": ["georgia"] },
  { "date": "08-08", "name": "Remembrance Day of 2008 War Victims", "countries": ["georgia"] },
  { "date": "08-12", "name": "Youth Day", "countries": ["georgia"] },
  { "date": "08-28", "name": "Assumption of the Virgin Mary (Mariami)", "countries": ["georgia"] },

  { "date": "09-01", "name": "Knowledge Day", "countries": ["georgia"] },
  { "date": "09-03", "name": "Day of Solidarity Against Terrorism", "countries": ["georgia"] },
  { "date": "09-10", "name": "Builder’s Day", "countries": ["georgia"] },
  { "date": "09-23", "name": "Batumi City Day (Batumelebi)", "countries": ["georgia"] },
  { "date": "09-25", "name": "Poti City Day", "countries": ["georgia"] },
  { "date": "09-27", "name": "Sokhumi City Remembrance Day", "countries": ["georgia"] }, 
  { "date": "09-27", "name": "Day of the Fall of Sokhumi (Remembrance Day)", "countries": ["georgia"] },
  { "date": "09-27", "name": "World Tourism Day", "countries": ["georgia"] },

  { "date": "10-01", "name": "Elderly Day", "countries": ["georgia"] },
  { "date": "10-04", "name": "Animal Protection Day", "countries": ["georgia"] },
  { "date": "10-13", "name": "Rescuers Day", "countries": ["georgia"] },
  { "date": "10-14", "name": "Tbilisoba (City of Tbilisi Day)", "countries": ["georgia"] },
  { "date": "10-14", "name": "Tbilisi City Day (Tbilisoba)", "countries": ["georgia"] },
  { "date": "10-18", "name": "Telavi City Day", "countries": ["georgia"] },
  { "date": "10-20", "name": "Bank Workers Day", "countries": ["georgia"] },
  { "date": "10-27", "name": "Journalists Day", "countries": ["georgia"] },

  { "date": "11-08", "name": "St. Michael's Day (Mikheiloba)", "countries": ["georgia"] },
  { "date": "11-10", "name": "Public Defender’s Day", "countries": ["georgia"] },
  { "date": "11-14", "name": "Georgian Theater Day", "countries": ["georgia"] },
  { "date": "11-16", "name": "UNESCO Day", "countries": ["georgia"] },
  { "date": "11-17", "name": "Students Day", "countries": ["georgia"] },

  { "date": "12-03", "name": "International Day of Persons with Disabilities", "countries": ["georgia"] },
  { "date": "12-10", "name": "Human Rights Day", "countries": ["georgia"] },
  { "date": "12-14", "name": "Energy Workers Day", "countries": ["georgia"] },
  { "date": "12-17", "name": "Defense Forces Day (Armed Forces Day)", "countries": ["georgia"] },
  { "date": "12-31", "name": "Pre-New Year’s Day", "countries": ["georgia"] }
]
